,City,Lat,Lng,Max Temperature (F),Humidity,Cloudiness,Wind Speed,Country,Date
0,bondoukou,8.03,-2.8,88.59,55,50,2.73,CI,1591633160
1,cap malheureux,-19.98,57.61,70.0,68,0,5.99,MU,1591633161
2,lebu,-37.62,-73.65,53.71,83,94,5.26,CL,1591633161
3,albany,42.6,-73.97,73.99,35,49,10.02,US,1591632884
4,tasiilaq,65.61,-37.64,41.0,85,75,24.16,GL,1591633161
5,esperance,-33.87,121.9,51.8,62,38,9.17,AU,1591633162
6,qaanaaq,77.48,-69.36,34.02,83,0,5.3,GL,1591633162
7,ahipara,-35.17,173.17,53.56,69,86,4.32,NZ,1591633163
8,oshnaviyeh,37.04,45.1,77.0,33,0,4.7,IR,1591633163
9,katsina,12.99,7.6,100.62,24,19,11.14,NG,1591633163
10,hermanus,-34.42,19.23,61.0,72,40,3.0,ZA,1591633163
11,jamestown,42.1,-79.24,68.0,55,1,3.36,US,1591633163
12,ushuaia,-54.8,-68.3,41.0,60,40,11.41,AR,1591633163
13,castro,-24.79,-50.01,71.82,69,7,9.42,BR,1591633164
14,ariquemes,-9.91,-63.04,88.93,55,0,4.0,BR,1591633164
15,koungheul,13.98,-14.8,100.62,28,100,0.6,SN,1591633165
16,ivdel,60.69,60.42,72.82,51,0,4.68,RU,1591633165
17,yulara,-25.24,130.99,48.2,45,0,6.93,AU,1591633165
18,dikson,73.51,80.55,35.74,82,0,13.0,RU,1591633165
19,yar-sale,66.83,70.83,53.19,63,81,12.35,RU,1591633165
20,margate,51.38,1.39,60.01,62,19,4.0,GB,1591633114
21,novikovo,51.15,37.89,76.96,66,10,5.46,RU,1591633166
22,kapaa,22.08,-159.32,71.6,100,20,6.93,US,1591633166
23,severo-kurilsk,50.68,156.12,43.65,91,100,6.35,RU,1591633166
24,avera,33.19,-82.53,80.6,94,90,4.7,US,1591633167
25,punta arenas,-53.15,-70.92,39.2,80,20,28.86,CL,1591633168
26,sept-iles,50.2,-66.38,55.99,54,75,11.41,CA,1591632954
27,hay river,60.82,-115.8,37.4,93,90,9.17,CA,1591632958
28,chalons-en-champagne,48.95,4.37,66.2,59,75,16.11,FR,1591633170
29,talaya,61.38,152.75,47.98,59,100,6.51,RU,1591633170
30,sangar,63.92,127.47,58.51,63,100,13.24,RU,1591633170
31,pueblo nuevo,23.38,-105.38,67.64,76,93,3.76,MX,1591633171
32,atuona,-9.8,-139.03,80.73,78,10,11.39,PF,1591633171
33,bredasdorp,-34.53,20.04,57.2,82,53,3.36,ZA,1591633172
34,rikitea,-23.12,-134.97,76.91,81,30,17.94,PF,1591633172
35,bereda,43.27,-7.54,63.0,62,55,11.99,ES,1591633173
36,mataura,-46.19,168.86,47.26,80,98,9.37,NZ,1591633174
37,port hardy,50.7,-127.42,51.8,71,75,6.93,CA,1591633174
38,los llanos de aridane,28.66,-17.92,75.2,69,75,13.87,ES,1591633174
39,taian,36.19,117.12,87.01,42,98,5.79,CN,1591633175
40,saldanha,-33.01,17.94,60.8,77,57,2.24,ZA,1591633175
41,boulder city,35.98,-114.83,64.4,13,1,18.34,US,1591633176
42,san patricio,19.22,-104.7,82.4,83,40,11.41,MX,1591633176
43,busselton,-33.65,115.33,50.0,71,37,4.18,AU,1591633177
44,altus,34.64,-99.33,87.8,48,1,12.75,US,1591633177
45,markova,48.68,24.41,78.8,47,85,6.71,UA,1591633178
46,aykhal,66.0,111.5,48.2,66,40,20.13,RU,1591633178
47,korla,41.76,86.15,80.01,48,55,5.01,CN,1591633178
48,saint-philippe,-21.36,55.77,69.8,68,62,19.46,RE,1591633179
49,ribeira grande,38.52,-28.7,66.2,63,75,8.05,PT,1591633179
50,cape town,-33.93,18.42,59.0,93,20,8.05,ZA,1591633179
51,ilulissat,69.22,-51.1,35.6,80,90,3.36,GL,1591633180
52,aksarka,66.56,67.8,66.63,54,61,6.87,RU,1591633180
53,chirongui,-12.93,45.15,78.8,74,20,4.7,YT,1591633181
54,inhambane,-23.86,35.38,71.6,78,40,5.82,MZ,1591633181
55,sayyan,15.17,44.32,72.1,22,34,7.49,YE,1591633181
56,kruisfontein,-34.0,24.73,66.85,28,0,5.68,ZA,1591633182
57,sivaki,52.63,126.75,58.62,96,100,4.34,RU,1591633182
58,itarema,-2.92,-39.92,84.72,70,94,10.36,BR,1591633182
59,saskylakh,71.92,114.08,35.26,80,100,9.8,RU,1591633182
60,provideniya,64.38,-173.3,45.84,63,69,1.32,RU,1591633183
61,yellowknife,62.46,-114.35,44.6,65,90,26.4,CA,1591633121
62,goderich,43.75,-81.72,61.0,78,0,4.47,CA,1591633184
63,siuna,13.73,-84.78,87.66,63,23,2.91,NI,1591633185
64,alofi,-19.06,-169.92,71.6,94,75,1.12,NU,1591632908
65,cabo san lucas,22.89,-109.91,78.8,47,5,3.36,MX,1591633166
66,husavik,66.04,-17.34,53.6,76,90,8.05,IS,1591633185
67,avarua,-21.21,-159.78,62.6,100,39,2.24,CK,1591633186
68,puerto ayora,-0.74,-90.35,77.0,78,75,13.87,EC,1591633186
69,eyrarbakki,63.86,-21.15,50.0,93,90,11.41,IS,1591633186
70,hobart,-42.88,147.33,42.8,75,0,8.05,AU,1591633186
71,daru,-9.08,143.21,78.3,80,59,16.35,PG,1591633187
72,asfi,32.3,-9.24,72.34,69,6,22.59,MA,1591633187
73,port shepstone,-30.74,30.45,67.39,64,0,9.33,ZA,1591633187
74,leningradskiy,69.38,178.42,35.89,90,47,6.4,RU,1591633188
75,codrington,-38.27,141.97,42.33,84,13,6.64,AU,1591633188
76,chauny,49.62,3.22,62.01,87,90,18.34,FR,1591633188
77,chapais,49.78,-74.85,53.6,46,20,9.17,CA,1591633188
78,benghazi,32.12,20.07,79.86,43,87,5.7,LY,1591633189
79,vaini,-21.2,-175.2,71.6,94,90,6.93,TO,1591633189
80,tuktoyaktuk,69.45,-133.04,51.8,57,75,11.41,CA,1591633189
81,barrow,71.29,-156.79,28.4,92,90,2.17,US,1591633189
82,nikolskoye,59.7,30.79,84.2,42,45,6.71,RU,1591633190
83,san carlos de bariloche,-41.15,-71.31,41.0,80,75,20.8,AR,1591632979
84,verkhovazhye,60.75,42.05,75.74,61,43,3.98,RU,1591633190
85,takoradi,4.88,-1.76,82.33,78,71,12.41,GH,1591633190
86,acapulco,16.86,-99.89,86.0,62,20,4.7,MX,1591632950
87,qasigiannguit,68.82,-51.19,35.6,80,90,3.36,GL,1591633191
88,byron bay,-28.65,153.62,57.2,67,32,9.17,AU,1591633191
89,roblin,51.23,-101.36,69.28,66,5,4.12,CA,1591633191
90,petropavlovsk-kamchatskiy,53.05,158.65,46.4,75,75,4.47,RU,1591633192
91,matagami,49.75,-77.63,50.0,57,1,2.24,CA,1591633192
92,bengkulu,-3.8,102.27,78.13,85,100,4.25,ID,1591633193
93,krasnoselkup,65.7,82.47,51.8,45,0,9.71,RU,1591633193
94,cherskiy,68.75,161.3,59.58,47,7,10.0,RU,1591633194
95,la ronge,55.1,-105.28,51.8,93,90,8.05,CA,1591633194
96,seymchan,62.88,152.43,53.44,43,100,5.37,RU,1591633194
97,port alfred,-33.59,26.89,69.01,52,0,4.0,ZA,1591633194
98,lingdong,46.57,131.15,64.83,90,86,3.29,CN,1591633195
99,buala,-8.14,159.59,80.64,78,72,2.8,SB,1591633195
100,sembe,1.65,14.58,78.06,83,84,2.48,CG,1591633195
101,new norfolk,-42.78,147.06,39.99,88,2,3.2,AU,1591633195
102,hambantota,6.12,81.12,82.4,88,100,5.82,LK,1591633196
103,puerto quijarro,-17.78,-57.77,93.33,41,12,6.67,BO,1591633196
104,javanrud,34.8,46.52,70.05,27,0,1.12,IR,1591633196
105,faanui,-16.48,-151.75,78.53,68,58,9.28,PF,1591633196
106,bluff,-46.6,168.33,51.6,75,87,27.98,NZ,1591633197
107,bethel,41.37,-73.41,71.01,43,1,10.29,US,1591632960
108,butaritari,3.07,172.79,82.63,77,1,9.53,KI,1591633197
109,sur,22.57,59.53,85.32,75,0,12.15,OM,1591633197
110,kloulklubed,7.04,134.26,75.2,94,90,6.35,PW,1591633198
111,mahebourg,-20.41,57.7,71.6,56,40,18.34,MU,1591633198
112,lamu,-2.27,40.9,78.35,81,34,16.58,KE,1591632901
113,alice springs,-23.7,133.88,37.4,59,0,6.08,AU,1591633199
114,thompson,55.74,-97.86,48.2,93,90,13.87,CA,1591633031
115,kavieng,-2.57,150.8,83.73,72,83,6.02,PG,1591633199
116,sao filipe,14.9,-24.5,77.25,74,30,10.33,CV,1591633200
117,souillac,-20.52,57.52,71.6,56,40,18.34,MU,1591633200
118,itoman,26.12,127.67,75.2,94,75,12.75,JP,1591633200
119,aljezur,37.32,-8.8,73.99,42,0,18.07,PT,1591633200
120,baykit,61.67,96.37,42.87,82,100,4.63,RU,1591632912
121,watsa,3.04,29.54,69.12,96,70,2.42,CD,1591633200
122,gharghoda,22.17,83.35,92.16,35,32,2.15,IN,1591633201
123,ulefoss,59.28,9.26,57.99,73,86,1.03,NO,1591633202
124,milkovo,54.72,158.62,46.22,88,100,9.51,RU,1591633202
125,bonavista,48.65,-53.11,45.0,82,100,1.01,CA,1591633202
126,tuatapere,-46.13,167.68,48.88,80,89,12.91,NZ,1591633203
127,hilo,19.73,-155.09,73.4,73,90,8.05,US,1591633203
128,soller,39.77,2.72,64.99,88,100,5.82,ES,1591633203
129,xinmin,41.99,122.83,75.2,60,100,4.47,CN,1591633204
130,bambous virieux,-20.34,57.76,71.6,56,40,18.34,MU,1591633204
131,tiksi,71.69,128.87,32.45,97,100,13.58,RU,1591633204
132,bonthe,7.53,-12.51,82.83,73,100,9.42,SL,1591633204
133,ballina,-28.87,153.57,57.2,67,33,9.17,AU,1591633205
134,kokstad,-30.55,29.42,52.16,43,0,2.24,ZA,1591633205
135,namatanai,-3.67,152.43,80.69,80,92,5.39,PG,1591633205
136,mehamn,71.04,27.85,50.0,66,75,19.46,NO,1591633205
137,moses lake,47.13,-119.28,64.4,31,1,18.34,US,1591633025
138,zacualpan,21.25,-105.17,73.4,83,75,5.82,MX,1591633206
139,clyde river,70.47,-68.59,39.2,69,75,11.41,CA,1591633206
140,mount gambier,-37.83,140.77,41.0,93,0,3.98,AU,1591633206
141,wajima,37.4,136.9,66.67,66,0,8.5,JP,1591633206
142,airai,-8.93,125.41,58.98,100,65,3.24,TL,1591633207
143,shakawe,-18.37,21.85,68.79,29,0,3.6,BW,1591633207
144,gizel,43.04,44.57,78.8,57,5,11.18,RU,1591633207
145,iqaluit,63.75,-68.51,33.01,88,90,14.99,CA,1591633207
146,east london,-33.02,27.91,72.18,44,0,9.6,ZA,1591632916
147,sapucaia,-29.83,-51.15,70.0,72,17,6.93,BR,1591633208
148,saint george,37.1,-113.58,62.6,27,1,6.93,US,1591633023
149,dagshai,30.88,77.05,70.77,51,14,4.68,IN,1591633209
150,ekhabi,53.51,142.97,40.68,95,96,4.29,RU,1591633209
151,guerrero negro,27.98,-114.06,68.4,61,1,15.46,MX,1591633209
152,lagoa,39.05,-27.98,63.27,69,1,5.91,PT,1591633210
153,honiara,-9.43,159.95,75.2,100,40,3.36,SB,1591633210
154,chokurdakh,70.63,147.92,60.57,54,61,6.33,RU,1591633210
155,port elizabeth,-33.92,25.57,60.8,77,0,1.12,ZA,1591633211
156,bardiyah,31.76,25.09,72.97,64,0,8.59,LY,1591633211
157,chuy,-33.7,-53.46,62.11,85,100,6.17,UY,1591633211
158,pevek,69.7,170.31,35.87,84,34,1.95,RU,1591633212
159,xam nua,20.42,104.04,72.37,78,100,3.27,LA,1591633212
160,aitape,-3.14,142.35,79.32,83,100,4.16,PG,1591633212
161,baiao,-2.79,-49.67,92.19,45,0,4.07,BR,1591633212
162,suriapet,17.15,79.62,95.4,34,71,5.41,IN,1591633212
163,namtsy,62.72,129.67,57.2,82,40,4.47,RU,1591633213
164,kodiak,57.79,-152.41,48.2,81,90,2.77,US,1591633213
165,haines junction,60.75,-137.51,45.03,70,100,5.32,CA,1591633213
166,parakou,9.34,2.63,92.25,45,9,0.56,BJ,1591633214
167,muros,42.78,-9.06,68.0,55,20,17.0,ES,1591633214
168,bose,45.46,8.01,62.01,94,99,1.01,IT,1591633214
169,carnarvon,-24.87,113.63,70.77,59,0,12.15,AU,1591633215
170,bilibino,68.05,166.44,53.29,58,12,2.59,RU,1591633215
171,vila franca do campo,37.72,-25.43,62.6,82,75,10.29,PT,1591633215
172,tokur,53.13,132.9,48.58,95,100,4.16,RU,1591633215
173,kandrian,-6.22,149.55,78.51,87,81,10.22,PG,1591633216
174,mucuri,-18.09,-39.55,76.87,67,2,6.35,BR,1591633216
175,puerto madero,14.72,-92.42,86.0,79,20,9.17,MX,1591633216
176,punta cardon,11.66,-70.22,86.05,67,63,14.76,VE,1591633216
177,georgetown,5.41,100.34,86.0,79,20,4.7,MY,1591633071
178,chifeng,42.27,118.96,75.6,41,100,3.56,CN,1591633217
179,cayenne,4.93,-52.33,77.0,94,80,10.29,GF,1591633217
180,shimoda,34.67,138.95,66.0,84,100,3.0,JP,1591633217
181,tarko-sale,64.92,77.78,61.0,40,3,7.92,RU,1591633218
182,port hedland,-20.32,118.57,62.6,55,0,6.93,AU,1591633218
183,victoria,22.29,114.16,84.0,83,100,8.99,HK,1591633082
184,jardim,-21.48,-56.14,85.86,57,3,8.7,BR,1591633046
185,arraial do cabo,-22.97,-42.03,78.8,74,0,8.05,BR,1591633218
186,zavallya,48.21,30.02,79.97,67,43,8.55,UA,1591633219
187,coquimbo,-29.95,-71.34,59.0,62,100,12.75,CL,1591633219
188,kahului,20.89,-156.47,73.4,73,40,5.82,US,1591633219
189,narsaq,60.92,-46.05,50.0,53,40,9.17,GL,1591633219
190,praia da vitoria,38.73,-27.07,68.0,68,75,8.21,PT,1591633220
191,cidreira,-30.18,-50.21,66.2,67,45,8.97,BR,1591633220
192,nanortalik,60.14,-45.24,41.61,84,53,14.32,GL,1591633220
193,wukari,7.85,9.78,89.28,52,93,4.14,NG,1591633220
194,mezhova,48.25,36.73,75.96,64,15,8.59,UA,1591633221
195,voh,-20.97,164.7,67.39,84,87,2.42,NC,1591633221
196,owensboro,37.77,-87.11,82.4,58,1,9.17,US,1591633221
197,opuwo,-18.06,13.84,76.48,19,0,6.87,NA,1591633221
198,torbay,47.67,-52.73,60.8,93,90,17.22,CA,1591633221
199,aginskoye,51.1,114.53,52.47,75,100,5.86,RU,1591633222
200,hualmay,-11.1,-77.61,69.17,66,41,8.79,PE,1591633222
201,osa,57.28,55.46,68.34,67,1,3.06,RU,1591633222
202,bauchi,10.5,10.0,98.56,23,44,3.62,NG,1591633222
203,felipe carrillo puerto,19.58,-88.05,86.88,74,88,7.31,MX,1591633223
204,swan river,52.11,-101.27,63.97,85,72,9.35,CA,1591633223
205,longyan,25.11,117.02,72.39,89,100,3.2,CN,1591633223
206,hoquiam,46.98,-123.89,55.99,71,90,6.93,US,1591633223
207,roma,43.21,-75.46,71.6,43,1,6.93,US,1591632965
208,bossier city,32.52,-93.73,86.0,70,40,18.34,US,1591633035
209,belz,47.68,-3.17,69.01,59,53,3.0,FR,1591633224
210,kulhudhuffushi,6.62,73.07,84.09,76,26,11.88,MV,1591633224
211,oranjemund,-28.55,16.43,65.53,53,0,4.94,NA,1591633225
212,sainte-julienne,45.97,-73.72,69.01,52,39,4.59,CA,1591633225
213,qaqortoq,60.72,-46.03,50.0,53,40,9.17,GL,1591633001
214,itaituba,-4.28,-55.98,93.2,52,40,3.36,BR,1591633226
215,plettenberg bay,-34.05,23.37,72.77,34,25,7.34,ZA,1591633226
216,charters towers,-20.1,146.27,60.21,83,22,7.43,AU,1591633226
217,rodos,36.44,28.22,77.0,73,0,16.11,GR,1591633210
218,pakdasht,35.48,51.68,84.2,14,20,9.17,IR,1591633226
219,laguna,38.42,-121.42,64.4,39,1,18.34,US,1591633190
220,aksha,50.28,113.29,48.96,90,100,5.48,RU,1591633227
221,eyl,7.98,49.82,90.68,50,0,19.22,SO,1591633227
222,vagur,61.47,-6.81,47.14,77,9,12.12,FO,1591633227
223,umea,63.83,20.26,60.8,51,40,9.17,SE,1591633228
224,touros,-5.2,-35.46,84.2,70,40,13.87,BR,1591633228
225,komsomolskiy,40.43,71.72,68.0,64,75,6.93,UZ,1591633228
226,aguimes,27.91,-15.45,79.0,65,75,21.92,ES,1591633229
227,khabary,53.63,79.53,62.46,77,86,12.35,RU,1591633229
228,vao,-22.67,167.48,71.1,81,92,9.84,NC,1591633229
229,cacheu,12.27,-16.17,87.8,66,63,11.41,GW,1591633230
230,dungarpur,23.83,73.72,89.37,48,4,12.44,IN,1591633230
231,mar del plata,-38.0,-57.56,59.0,87,75,11.41,AR,1591633163
232,cockburn town,21.46,-71.14,81.57,78,94,11.21,TC,1591633231
233,khatanga,71.97,102.5,37.94,71,0,10.07,RU,1591633231
234,norman wells,65.28,-126.83,55.4,66,90,20.8,CA,1591633231
235,kaeo,-35.1,173.78,45.0,100,47,3.0,NZ,1591633231
236,lompoc,34.64,-120.46,66.2,37,0,11.41,US,1591633231
237,antofagasta,-23.65,-70.4,59.0,77,75,14.99,CL,1591633232
238,paciran,-6.88,112.38,78.91,84,61,6.91,ID,1591633232
239,grand gaube,-20.01,57.66,70.0,68,0,5.99,MU,1591633232
240,portland,45.52,-122.68,55.99,76,90,8.05,US,1591632756
241,akyab,20.15,92.9,84.81,75,100,4.43,MM,1591633232
242,garmsar,35.22,52.34,86.58,13,0,7.99,IR,1591633233
243,belyy yar,53.6,91.39,59.0,62,40,8.95,RU,1591633233
244,olafsvik,64.89,-23.71,46.81,95,100,9.48,IS,1591633233
245,isabela,6.71,121.97,78.8,94,90,2.24,PH,1591633233
246,rionero in vulture,40.93,15.67,80.6,67,40,6.93,IT,1591633234
247,phalodi,27.13,72.37,96.73,31,61,12.48,IN,1591633234
248,norrkoping,58.59,16.18,68.0,49,87,9.17,SE,1591633234
249,auki,-8.77,160.7,78.04,83,41,3.89,SB,1591633234
250,atar,20.52,-13.05,100.71,23,42,18.79,MR,1591632979
251,skibbereen,51.55,-9.27,59.0,58,75,9.17,IE,1591633235
252,waipawa,-41.41,175.52,51.8,71,0,9.17,NZ,1591633235
253,hofn,64.25,-15.21,48.2,100,90,16.11,IS,1591633235
254,tabou,4.42,-7.35,78.44,87,100,10.04,CI,1591633236
255,peringat,6.03,102.28,84.2,83,20,1.48,MY,1591633236
256,trelew,-43.25,-65.31,55.06,41,76,21.25,AR,1591633093
257,biltine,14.53,20.92,106.29,6,0,10.4,TD,1591633236
258,bandarbeyla,9.49,50.81,84.52,70,0,26.46,SO,1591633237
259,cabedelo,-6.98,-34.83,86.0,66,40,13.87,BR,1591633237
260,araouane,18.9,-3.53,108.5,12,8,6.24,ML,1591633237
261,bilma,18.69,12.92,112.17,6,23,12.59,NE,1591633237
262,lasa,46.62,10.7,57.99,76,40,3.36,IT,1591633238
263,gombe,10.29,11.17,94.24,40,26,13.91,NG,1591633238
264,half moon bay,37.46,-122.43,64.4,51,1,4.7,US,1591633238
265,upernavik,72.79,-56.15,32.68,92,1,6.04,GL,1591633239
266,northam,51.03,-4.22,61.0,72,76,5.01,GB,1591633239
267,sao joao da barra,-21.64,-41.05,82.4,61,40,4.7,BR,1591633239
268,tselinnoye,53.08,85.67,56.91,82,100,13.94,RU,1591633239
269,inyonga,-6.72,32.07,72.99,51,39,3.29,TZ,1591633240
270,kalmunai,7.42,81.82,84.74,76,100,5.55,LK,1591633240
271,nome,64.5,-165.41,48.2,70,1,5.32,US,1591632984
272,talnakh,69.49,88.4,42.8,60,9,17.9,RU,1591633240
273,longyearbyen,78.22,15.64,35.6,80,75,31.09,SJ,1591633241
274,sola,-13.88,167.55,77.0,100,40,7.63,VU,1591633241
275,mbekenyera,-10.0,38.98,72.34,60,1,4.21,TZ,1591633241
276,kalispell,48.2,-114.31,46.4,93,90,6.93,US,1591633193
277,deep river,46.1,-77.5,64.99,51,1,2.24,CA,1591633242
278,culpeper,38.5,-77.97,79.0,41,1,5.82,US,1591633242
279,constitucion,-35.33,-72.42,56.26,56,100,5.97,CL,1591633243
280,wani,20.07,78.95,97.97,30,87,6.4,IN,1591633243
281,pishva,35.31,51.73,84.2,14,0,6.93,IR,1591633243
282,okhotsk,59.38,143.3,43.54,85,83,0.98,RU,1591633243
283,kalabo,-14.97,22.68,71.42,32,0,3.87,ZM,1591633244
284,santiago del estero,-27.8,-64.26,71.22,53,90,1.5,AR,1591633244
285,chagoda,59.16,35.33,75.99,71,74,6.13,RU,1591633244
286,zhigansk,66.77,123.37,55.6,63,39,4.65,RU,1591633244
287,hithadhoo,-0.6,73.08,84.58,66,85,7.31,MV,1591633245
288,mae hong son,19.3,97.97,76.5,83,100,1.9,TH,1591633245
289,tsogni,-2.79,10.1,76.71,87,72,9.46,GA,1591633245
290,labuhan,-6.88,112.21,78.62,85,53,6.73,ID,1591633245
291,bujumbura,-3.38,29.36,75.51,67,10,7.4,BI,1591633246
292,naze,28.37,129.48,75.2,100,75,10.29,JP,1591633246
293,mantua,45.17,10.78,64.99,93,75,10.29,IT,1591633246
294,fortuna,40.6,-124.16,50.0,93,20,2.57,US,1591633246
295,kieta,-6.22,155.63,80.74,77,93,4.03,PG,1591633247
296,hamilton,39.18,-84.53,80.6,42,1,8.05,US,1591633221
297,ponta do sol,32.67,-17.1,70.0,75,69,14.0,PT,1591633247
298,stokmarknes,68.56,14.91,44.6,93,75,13.87,NO,1591633248
299,zhezkazgan,47.8,67.71,71.85,33,100,17.2,KZ,1591633248
300,north bend,43.41,-124.22,57.2,76,20,8.05,US,1591633137
301,kaitangata,-46.28,169.85,48.99,65,88,15.99,NZ,1591633248
302,shenjiamen,29.96,122.3,71.92,97,87,8.61,CN,1591633248
303,aguia branca,-18.98,-40.74,84.52,53,34,0.38,BR,1591633184
304,mozhaysk,55.5,36.03,75.96,78,3,5.48,RU,1591633249
305,svetlyy,54.67,20.13,53.6,93,75,15.66,RU,1591633249
306,imaculada,-7.39,-37.51,82.15,51,71,8.19,BR,1591633249
307,nevers,46.92,3.33,68.0,45,62,14.99,FR,1591633250
308,ayagoz,47.97,80.44,60.13,59,0,14.52,KZ,1591633250
309,vardo,70.37,31.11,59.0,51,30,25.28,NO,1591633250
310,dingle,11.0,122.67,78.67,79,80,4.09,PH,1591633250
311,ostrovnoy,68.05,39.51,64.47,45,43,13.15,RU,1591633250
312,alingsas,57.93,12.53,64.0,51,40,9.17,SE,1591633251
313,havoysund,71.0,24.66,44.6,87,75,27.51,NO,1591633251
314,gasa,31.5,34.47,81.0,43,6,3.0,PS,1591633245
315,gat,31.61,34.76,81.0,43,1,3.0,IL,1591633251
316,kjopsvik,68.1,16.37,46.0,93,75,21.92,NO,1591633252
317,mundo nuevo,18.7,-95.5,86.47,69,0,12.77,MX,1591633252
318,klaksvik,62.23,-6.59,50.0,76,32,11.41,FO,1591633253
319,meulaboh,4.14,96.13,79.2,81,57,2.86,ID,1591633253
320,nelson bay,-32.72,152.15,55.99,100,40,4.7,AU,1591633254
321,vestmanna,62.16,-7.17,50.0,76,11,11.41,FO,1591633254
322,ancona,43.55,13.17,70.0,83,100,4.94,IT,1591633254
323,portobelo,9.55,-79.65,84.0,83,26,5.01,PA,1591633255
324,chernyshevskiy,63.01,112.47,53.76,88,100,11.61,RU,1591633255
325,melk,48.23,15.33,62.01,71,100,5.99,AT,1591633255
326,flinders,-34.58,150.86,55.99,86,94,1.01,AU,1591633256
327,karratha,-20.74,116.85,69.01,35,0,6.17,AU,1591633256
328,puerto penasco,31.32,-113.53,78.8,61,20,14.63,MX,1591633256
329,acarau,-2.89,-40.12,84.88,69,90,9.82,BR,1591633257
330,russell,32.35,-85.2,82.4,78,90,10.29,US,1591633257
331,geraldton,-28.77,114.6,51.8,81,0,4.7,AU,1591633257
332,torgau,51.57,13.0,70.0,40,75,3.36,DE,1591633257
333,broome,42.25,-75.83,66.99,48,1,6.93,US,1591633258
334,college,64.86,-147.8,55.4,66,75,0.56,US,1591633258
335,hato mayor,18.76,-69.26,89.6,88,75,13.87,DO,1591633258
336,miracema do tocantins,-9.56,-48.4,88.0,42,6,4.63,BR,1591633258
337,vostok,46.49,135.88,55.27,96,100,3.67,RU,1591633259
338,belen,36.49,36.22,82.4,30,3,18.34,TR,1591633259
339,lorengau,-2.02,147.27,82.89,72,29,7.36,PG,1591633260
340,port hawkesbury,45.62,-61.35,48.99,93,90,18.34,CA,1591633260
341,san cristobal,7.77,-72.22,91.4,38,75,17.22,VE,1591633260
342,sampit,-2.53,112.95,75.36,95,65,2.55,ID,1591633261
343,pyapon,16.28,95.68,79.86,88,100,5.14,MM,1591633026
344,kuching,1.55,110.33,78.8,94,20,2.24,MY,1591633261
345,salcininkai,54.3,25.38,77.0,57,75,6.93,LT,1591633262
346,saint-pierre,-21.34,55.48,69.8,68,5,19.46,RE,1591633262
347,reconquista,-29.15,-59.65,67.14,68,76,4.83,AR,1591633028
348,padang,-0.95,100.35,78.06,75,15,4.47,ID,1591633262
349,vilyuysk,63.76,121.62,54.48,91,100,7.78,RU,1591633262
350,adrar,20.5,-10.07,98.87,23,100,14.07,MR,1591633263
351,asau,46.43,26.4,75.0,52,8,1.74,RO,1591633263
352,dudinka,69.41,86.18,42.8,60,3,17.9,RU,1591633263
353,dunedin,-45.87,170.5,53.01,52,55,3.0,NZ,1591633263
354,tessalit,20.2,1.01,106.66,14,5,3.47,ML,1591633263
355,mogadishu,2.04,45.34,77.0,69,90,13.87,SO,1591633264
356,celestun,20.87,-90.4,85.19,75,73,8.66,MX,1591633264
357,bubaque,11.28,-15.83,80.96,78,26,8.7,GW,1591633264
358,coahuayana,18.73,-103.68,78.8,74,75,5.37,MX,1591633265
359,imbituva,-25.23,-50.6,72.68,63,7,4.81,BR,1591633265
360,fukue,32.69,128.84,73.0,73,69,6.71,JP,1591633265
361,kinsale,51.71,-8.53,62.01,58,75,9.17,IE,1591633265
362,luderitz,-26.65,15.16,80.6,19,0,8.05,NA,1591633265
363,prince george,53.92,-122.75,53.01,57,1,9.17,CA,1591633266
364,bowen,-20.02,148.23,68.0,93,40,6.93,AU,1591633266
365,jiaocheng,24.68,116.14,73.9,92,100,1.95,CN,1591633266
366,horodok,49.16,26.58,77.0,53,100,10.0,UA,1591633267
367,kokopo,-4.35,152.26,78.01,87,82,7.85,PG,1591633267
368,pisco,-13.7,-76.22,66.99,77,3,6.93,PE,1591633267
369,kindu,-2.95,25.95,82.96,53,25,0.6,CD,1591633268
370,viedma,-40.81,-63.0,59.97,35,67,21.68,AR,1591633268
371,brae,60.4,-1.35,48.2,66,20,12.75,GB,1591632983
372,saint-joseph,-21.37,55.62,69.8,68,28,19.46,RE,1591633269
373,esso,55.93,158.7,39.67,82,59,3.06,RU,1591633269
374,liverpool,53.41,-2.98,64.0,67,75,5.82,GB,1591633006
375,sitka,57.05,-135.33,48.2,87,90,2.19,US,1591633269
376,acajutla,13.59,-89.83,86.0,79,3,4.65,SV,1591633270
377,yerbogachen,61.28,108.01,51.73,95,100,5.57,RU,1591633137
378,tshela,-4.98,12.93,80.04,76,96,2.33,CD,1591633270
379,teya,60.38,92.63,44.38,63,73,3.98,RU,1591633270
380,locri,38.24,16.26,73.99,66,0,7.0,IT,1591633270
381,ereymentau,51.62,73.1,64.71,42,12,6.2,KZ,1591633271
382,maceio,-9.67,-35.74,82.4,69,75,11.41,BR,1591633271
383,djenne,13.91,-4.55,101.52,23,54,0.83,ML,1591633271
384,mykolayivka,47.54,30.76,82.08,56,5,9.53,UA,1591633271
385,kirakira,-10.45,161.92,80.24,81,98,3.51,SB,1591633272
386,chigorodo,7.67,-76.68,87.8,70,40,4.7,CO,1591633272
387,hasaki,35.73,140.83,66.2,100,20,3.36,JP,1591633272
388,semnan,35.57,53.4,81.36,17,0,8.37,IR,1591633273
389,knysna,-34.04,23.05,75.2,25,27,3.36,ZA,1591633144
390,general roca,-39.03,-67.58,53.6,54,0,4.7,AR,1591633273
391,chuguyevka,44.17,133.86,60.04,85,89,5.14,RU,1591633274
392,keetmanshoop,-26.58,18.13,78.8,15,0,6.93,NA,1591633274
393,ulladulla,-35.35,150.47,53.6,87,90,6.93,AU,1591633274
394,tocopilla,-22.09,-70.2,73.74,47,25,9.51,CL,1591633275
395,kichera,55.94,110.1,45.5,82,99,2.89,RU,1591633275
396,buchanan,5.88,-10.05,86.0,70,75,12.75,LR,1591633275
397,hoi an,15.88,108.33,87.8,70,20,4.21,VN,1591633276
398,oga,46.46,10.35,57.99,87,75,9.17,IT,1591633276
399,shulan,44.42,126.95,73.9,66,58,14.32,CN,1591633276
400,isangel,-19.55,169.27,77.0,88,75,13.29,VU,1591633276
401,berlevag,70.86,29.09,53.6,58,60,28.86,NO,1591633277
402,wenling,28.37,121.36,77.0,95,99,4.29,CN,1591633277
403,abu dhabi,24.47,54.37,93.2,63,0,8.05,AE,1591633152
404,amealco,20.18,-100.15,65.8,58,72,9.35,MX,1591633277
405,waddan,29.16,16.14,107.33,10,24,15.77,LY,1591633277
406,port lincoln,-34.73,135.87,51.73,63,89,9.42,AU,1591633278
407,fethiye,36.62,29.12,75.2,73,0,12.75,TR,1591633278
408,coromoro,6.29,-73.04,78.22,47,51,4.16,CO,1591633278
409,sandakan,5.84,118.12,77.0,94,40,13.87,MY,1591633278
410,izvestkovyy,48.98,131.55,57.36,96,100,6.53,RU,1591633279
411,sawtell,-30.38,153.1,59.0,77,90,12.75,AU,1591633279
412,mitsamiouli,-11.38,43.28,79.0,72,33,9.48,KM,1591633279
413,atambua,-9.11,124.89,71.37,91,20,4.47,ID,1591633279
414,saint-augustin,51.23,-58.65,43.41,85,100,11.72,CA,1591633196
415,bara,10.37,10.73,97.21,35,2,11.9,NG,1591633280
416,wewak,-3.55,143.63,80.71,81,98,7.99,PG,1591633280
417,guanica,17.97,-66.91,87.01,59,80,7.0,PR,1591633280
418,papara,-3.98,-38.73,87.8,55,40,14.99,BR,1591633281
419,koltubanovskiy,52.94,52.03,65.46,82,91,3.09,RU,1591633479
420,alta floresta,-9.88,-56.09,93.2,46,40,6.93,BR,1591633281
421,taltal,-25.4,-70.48,70.79,49,99,4.61,CL,1591633281
422,mamakan,57.82,114.0,52.48,68,96,12.03,RU,1591633282
423,ucluelet,48.93,-125.55,55.0,76,90,4.7,CA,1591633152
424,la asuncion,11.03,-63.86,93.2,56,99,11.41,VE,1591633282
425,priego de cordoba,37.44,-4.2,77.0,31,0,3.0,ES,1591633282
426,nouadhibou,20.93,-17.03,78.8,69,2,6.93,MR,1591633283
427,wanning,18.8,110.4,82.56,89,77,10.29,CN,1591633283
428,karaton,-6.34,106.1,80.6,83,75,6.93,ID,1591633283
429,bongandanga,1.5,21.05,79.25,75,45,2.48,CD,1591633283
430,oktyabrskoye,43.06,44.74,78.8,57,0,11.18,RU,1591633283
431,miraflores,19.22,-98.81,75.2,44,20,6.93,MX,1591633284
432,vicosa,-20.75,-42.88,78.21,62,0,2.15,BR,1591633284
433,perelyub,51.87,50.37,70.34,60,76,5.44,RU,1591633284
434,batemans bay,-35.72,150.18,46.0,91,87,4.23,AU,1591633284
435,sokoni,-6.43,39.55,82.4,74,75,12.75,TZ,1591633285
436,luebo,-5.35,21.42,84.56,46,85,0.74,CD,1591633285
437,srednekolymsk,67.45,153.68,65.01,35,93,9.01,RU,1591633285
438,stornoway,58.21,-6.39,57.0,58,31,9.17,GB,1591633285
439,toora-khem,52.47,96.11,38.52,86,2,2.55,RU,1591633285
440,umm kaddadah,13.6,26.69,102.34,9,34,5.82,SD,1591633286
441,dong hoi,17.48,106.6,83.64,72,96,7.23,VN,1591633286
442,marsh harbour,26.54,-77.06,82.18,77,100,5.59,BS,1591633286
443,egvekinot,66.32,-179.17,43.16,79,85,1.57,RU,1591633286
444,sebezh,56.3,28.47,80.22,58,0,5.66,RU,1591633287
445,yumen,40.28,97.2,65.64,24,54,5.08,CN,1591633287
446,harper,4.38,-7.72,79.11,85,100,10.8,LR,1591633287
447,samarai,-10.62,150.67,79.84,79,100,14.36,PG,1591633287
448,belaya gora,68.53,146.42,62.28,53,94,3.24,RU,1591633288
449,fukuma,33.77,130.47,75.0,83,95,3.36,JP,1591633288
450,itapirapua,-15.82,-50.61,88.9,39,0,4.18,BR,1591633288
451,grindavik,63.84,-22.43,48.2,93,75,17.22,IS,1591633288
452,sarakhs,36.54,61.16,80.6,32,0,4.7,IR,1591633288
453,murakami,38.23,139.48,60.31,58,2,3.49,JP,1591633289
454,rongcheng,30.63,117.85,74.35,90,12,2.95,CN,1591633289
455,sammamish,47.64,-122.08,55.99,83,98,5.21,US,1591633254
456,zomba,-15.39,35.32,61.52,74,24,4.61,MW,1591633290
457,lavrentiya,65.58,-171.0,38.64,76,5,4.18,RU,1591633290
458,katherine,-14.47,132.27,69.8,49,59,8.05,AU,1591633290
459,severo-yeniseyskiy,60.37,93.04,40.86,70,54,3.42,RU,1591633291
460,berbera,10.44,45.01,96.48,42,0,3.98,SO,1591633291
461,salalah,17.02,54.09,86.0,89,90,6.93,OM,1591633291
462,yorosso,12.35,-4.78,93.81,36,90,6.53,ML,1591633291
463,karonga,-9.93,33.93,71.44,77,0,5.73,MW,1591633292
464,bam,29.11,58.36,91.47,12,0,11.32,IR,1591633293
465,wuwei,37.93,102.64,66.0,31,52,8.59,CN,1591633293
466,iacu,-12.77,-40.21,89.49,36,0,2.77,BR,1591633294
467,wote,-1.78,37.63,70.84,65,96,6.4,KE,1591633025
468,kismayo,-0.36,42.55,80.08,75,98,17.98,SO,1591633294
469,khon buri,14.53,102.25,78.04,83,100,8.52,TH,1591633294
470,machilipatnam,16.17,81.13,93.2,56,75,4.63,IN,1591633294
471,lakes entrance,-37.88,147.98,36.0,93,48,5.68,AU,1591633295
472,ukiah,39.15,-123.21,57.99,58,1,0.87,US,1591633295
473,excelsior springs,39.34,-94.23,86.0,51,1,8.05,US,1591633295
474,hidalgotitlan,17.78,-94.63,89.6,62,20,16.11,MX,1591633295
475,normandin,48.83,-72.53,59.0,51,75,11.41,CA,1591633296
476,rosario,-32.95,-60.64,66.0,68,20,6.93,AR,1591633296
477,kedrovyy,56.17,91.82,48.2,87,75,2.24,RU,1591633296
478,mwene-ditu,-7.0,23.45,78.64,45,47,3.29,CD,1591633297
479,aanekoski,62.69,25.82,55.4,82,100,10.29,FI,1591633297
480,pashiya,58.43,58.26,68.11,64,1,2.86,RU,1591633297
481,abnub,27.27,31.15,100.4,25,1,16.11,EG,1591633298
482,muscat,23.61,58.59,89.6,84,0,4.7,OM,1591633298
483,arlit,18.74,7.39,110.41,11,54,10.0,NE,1591633299
484,hirara,24.8,125.28,79.52,83,100,13.69,JP,1591633299
485,saint-georges,12.06,-61.75,86.0,70,20,14.99,GD,1591633299
486,tiznit,29.58,-9.5,73.96,44,50,13.24,MA,1591633299
487,barra do bugres,-15.07,-57.18,91.31,44,0,4.74,BR,1591633299
488,horsham,51.06,-0.33,63.0,51,40,9.17,GB,1591633300
489,dali,25.7,100.18,65.59,82,89,5.46,CN,1591633300
490,betioky,-23.72,44.38,70.07,50,45,2.71,MG,1591633300
491,cozumel,20.51,-86.95,88.0,74,75,8.05,MX,1591633300
492,ancud,-41.87,-73.82,48.0,87,75,5.82,CL,1591633301
493,guaymas,27.93,-110.9,84.0,78,75,17.22,MX,1591633301
494,tigil,57.8,158.67,47.03,80,1,8.41,RU,1591633301
495,bac lieu,9.29,105.72,81.45,75,11,6.11,VN,1591633143
496,carndonagh,55.25,-7.27,57.2,58,40,11.41,IE,1591633302
497,manta,-0.95,-80.73,78.8,83,90,5.82,EC,1591633303
498,caravelas,-17.71,-39.25,79.14,62,0,6.38,BR,1591633303
499,manaure,11.78,-72.44,95.0,47,75,13.87,CO,1591633303
500,solnechnyy,50.72,136.63,53.78,75,91,2.35,RU,1591633304
501,ino,33.55,133.43,67.5,70,99,1.32,JP,1591633304
502,laramie,41.31,-105.59,57.0,40,1,3.36,US,1591633304
503,dwarka,22.24,68.97,86.83,77,9,11.65,IN,1591633304
504,cagliari,39.24,9.09,78.8,57,40,18.34,IT,1591633304
505,valdivia,-39.81,-73.25,53.6,76,20,6.93,CL,1591633242
506,tuscaloosa,33.21,-87.57,80.01,88,90,8.05,US,1591633193
507,sawakin,19.11,37.33,90.39,49,45,8.03,SD,1591633305
508,jalu,29.03,21.55,99.18,9,40,7.07,LY,1591633305
509,nyurba,63.28,118.33,53.02,92,100,8.01,RU,1591633306
510,riyadh,24.69,46.72,100.4,21,48,2.24,SA,1591633026
511,san quintin,30.48,-115.95,67.91,62,1,7.43,MX,1591633306
512,ossora,59.24,163.07,41.41,90,94,7.96,RU,1591633306
513,baoding,38.85,115.49,82.89,23,100,5.59,CN,1591633306
514,vanavara,60.34,102.28,41.43,78,67,4.76,RU,1591633307
515,miles city,46.41,-105.84,60.03,58,82,9.19,US,1591633252
516,pombia,45.65,8.63,68.0,72,75,8.05,IT,1591633307
517,sokolo,14.73,-6.12,102.25,25,5,10.0,ML,1591633308
518,sandnessjoen,66.02,12.63,46.4,75,75,8.05,NO,1591633308
519,santa maria,-29.68,-53.81,60.8,82,75,2.24,BR,1591633097
520,nyagan,62.14,65.39,74.35,42,30,2.64,RU,1591633309
521,basoko,1.24,23.62,78.03,88,100,2.98,CD,1591633309
522,le passage,44.2,0.6,69.01,56,5,16.11,FR,1591633073
523,mercedes,-34.65,-59.43,66.99,66,57,3.0,AR,1591633310
524,barentu,15.11,37.59,93.94,21,47,11.25,ER,1591633310
525,port blair,11.67,92.75,81.07,82,100,16.51,IN,1591633310
526,bambanglipuro,-7.95,110.28,77.74,87,63,10.31,ID,1591633180
527,sicaya,-12.03,-75.28,59.09,37,8,2.13,PE,1591633310
